[
{"url":"https://media.discordapp.net/attachments/531827568966631425/637014480550756373/image0.gif"},
{"url":"https://media.discordapp.net/attachments/531827568966631425/616189280141967360/lusciousnet_lusciousnet_bondage-girls-in-shackles_pervifycom_2034258317.gif"},
{"url":"https://media.discordapp.net/attachments/531827568966631425/581689350186860556/MMfgQRb.gif"},
{"url":"https://media.discordapp.net/attachments/531827568966631425/581689349398069269/Stuff_celestine-lucullus-x-kuroinu-kedakaki-seijo-wa-hakudaku-ni-somaru.gif"},
{"url":"https://media.discordapp.net/attachments/531827568966631425/581689348421058562/Celestine_Lucullus_1.gif"},
{"url":"https://media.discordapp.net/attachments/531827568966631425/548738271677644810/Random_hentai_gifNB_0149.gif"},
{"url":"https://media.discordapp.net/attachments/531827568966631425/540141232861478922/3079f0822bbb2c9e081cff22f3758363.gif"},
{"url":"https://media.discordapp.net/attachments/527959391446761473/570389741057474574/96239a44f0f892d8157534ad7e6600bf.gif"},
{"url":"https://media.discordapp.net/attachments/527959391446761473/569504025247088672/7660786.gif"},
{"url":"https://img2.gelbooru.com/images/58/84/5884712c96853976f412f41ce0f12bb8.gif"},
{"url":"https://wetgif.com/wp-content/uploads/porno-anime-20.gif"},
{"url":"https://wetgif.com/wp-content/uploads/porno-anime-6.gif"},
{"url":"https://wetgif.com/wp-content/uploads/porno-anime-3.gif"},
{"url":"https://wetgif.com/wp-content/uploads/gif-hentai-incest-16.gif"},
{"url":"https://wetgif.com/wp-content/uploads/gif-hentai-incest-26.gif"},
{"url":"https://wetgif.com/wp-content/uploads/gif-hentai-incest-27.gif"},
{"url":"https://wetgif.com/wp-content/uploads/gif-hentai-incest-34.gif"},
{"url":"https://wetgif.com/wp-content/uploads/porno-anime-44.gif"},
{"url":"https://wetgif.com/wp-content/uploads/porno-anime-50.gif"},
{"url":"https://wetgif.com/wp-content/uploads/porno-anime-15.gif"},
{"url":"https://wetgif.com/wp-content/uploads/porno-anime-13.gif"},
{"url":"https://wetgif.com/wp-content/uploads/porno-anime-10.gif"},
{"url":"https://wetgif.com/wp-content/uploads/porno-anime-8.gif"},
{"url":"https://wetgif.com/wp-content/uploads/porno-anime-9.gif"},
{"url":"https://wetgif.com/wp-content/uploads/gif-hentai-incest-6.gif"},
{"url":"https://wetgif.com/wp-content/uploads/gif-hentai-incest-21.gif"},
{"url":"https://wetgif.com/wp-content/uploads/gif-hentai-incest-23.gif"},
{"url":"https://wetgif.com/wp-content/uploads/gif-hentai-incest-41.gif"},
{"url":"https://images-ext-2.discordapp.net/external/GMBOt3bHp__4IAn4mHqdMfGqvDOYC5U1tE3m2xtg6FM/https/cdn.donmai.us/original/7b/a8/7ba8de870eb590d04966a1baeb3c0b8a.gif"},
{"url":"https://media.discordapp.net/attachments/1035982136051773520/1106640777746071602/9d824e51e176239aed99df71af2a91a7.gif"},
{"url":"https://media.discordapp.net/attachments/1035982136051773520/1106640828589412492/f1118ef95ea23a9e89054ca0263412f3.gif"},
{"url":"https://images-ext-1.discordapp.net/external/qwtXXcnZHlfc3YVUDOSBx0YYnGtfwnV0f3wTR70UdZ8/https/cdn.donmai.us/original/53/e1/53e1ebc73a28ed0478740fc408f632a2.gif"},
{"url":"https://media.discordapp.net/attachments/1092516966150983721/1092520918955348070/IMG_7356.gif"},
{"url":"https://cdn.discordapp.com/attachments/770948564947304448/770966727809957888/kiryuuin_satsuki_and_matoi_ryuuko_kill_la_kill_drawn_by_bard_bot__489699ca07075ac0c56963fc3e28990d.gif"},
{"url":"https://cdn.discordapp.com/attachments/770948564947304448/770967592713060392/71ada0ef-dc37-4367-8253-1454dab2fa4a.gif"},
{"url":"https://cdn.discordapp.com/attachments/770948564947304448/770967946528161822/18165929.gif"},
{"url":"https://cdn.discordapp.com/attachments/770948564947304448/770968720154951680/animeblog.ru___155.gif"},
{"url":"https://cdn.discordapp.com/attachments/770948564947304448/770969248158711848/f292a76d28577acf284a8c834b008105.gif"},
{"url":"https://cdn.discordapp.com/attachments/770948564947304448/771015267542237184/672ca21e0596157bbbbb0f69a3614750.gif"},
{"url":"https://cdn.discordapp.com/attachments/770948564947304448/771024612367532082/37dab8ee-32fb-4430-b546-e78cef14ba41.gif"},
{"url":"https://cdn.discordapp.com/attachments/707201738255368194/771796761131352064/WhichAbleCoyote-mobile.gif"},
{"url":"https://cdn.discordapp.com/attachments/707201738255368194/771796813165494292/TestyIgnorantGalapagosmockingbird-mobile.gif"},
{"url":"https://cdn.discordapp.com/attachments/707201738255368194/771800866159722499/RevolvingForcefulAddax-mobile.gif"},
{"url":"https://cdn.discordapp.com/attachments/707201738255368194/771800877047873556/ReasonableLegitimateBuzzard-mobile.gif"},
{"url":"https://cdn.discordapp.com/attachments/707201738255368194/771800894765006859/ImmaculateFlawlessBlesbok-mobile.gif"},
{"url":"https://cdn.discordapp.com/attachments/707201738255368194/771800904756101180/IdleLittleArieltoucan-mobile.gif"},
{"url":"https://cdn.discordapp.com/attachments/707201738255368194/771800911446147072/HomelyAntiqueEmperorpenguin-mobile.gif"},
{"url":"https://cdn.discordapp.com/attachments/707201738255368194/771800923998781440/FirmFlawedCentipede-mobile.gif"},
{"url":"https://cdn.discordapp.com/attachments/707201738255368194/771800934144933958/DelayedSlowDamselfly-mobile.gif"},
{"url":"https://cdn.discordapp.com/attachments/707201738255368194/771800955855044668/CoordinatedSlipperyAcornwoodpecker-mobile.gif"}
]
